[
{"model":"learn.chapter","pk":1,"fields":{"order":1,"slug":"intro","icon":"🐍","title":"What is Django?","color":"#44b78b"}},
{"model":"learn.chapter","pk":2,"fields":{"order":2,"slug":"setup","icon":"🛠️","title":"Setup & Installation","color":"#e74c3c"}},
{"model":"learn.chapter","pk":3,"fields":{"order":3,"slug":"settings","icon":"⚙️","title":"Settings & Config","color":"#9b59b6"}},
{"model":"learn.chapter","pk":4,"fields":{"order":4,"slug":"models","icon":"🗄️","title":"Models & Database","color":"#3498db"}},
{"model":"learn.chapter","pk":5,"fields":{"order":5,"slug":"views","icon":"👁️","title":"Views","color":"#e67e22"}},
{"model":"learn.chapter","pk":6,"fields":{"order":6,"slug":"urls","icon":"🔗","title":"URL Routing","color":"#1abc9c"}},
{"model":"learn.chapter","pk":7,"fields":{"order":7,"slug":"templates","icon":"🎨","title":"Templates","color":"#f39c12"}},
{"model":"learn.chapter","pk":8,"fields":{"order":8,"slug":"forms","icon":"📋","title":"Forms","color":"#e91e63"}},
{"model":"learn.chapter","pk":9,"fields":{"order":9,"slug":"admin","icon":"🔧","title":"Django Admin","color":"#16a085"}},
{"model":"learn.chapter","pk":10,"fields":{"order":10,"slug":"auth","icon":"🔐","title":"Authentication","color":"#c0392b"}},
{"model":"learn.chapter","pk":11,"fields":{"order":11,"slug":"staticmedia","icon":"📁","title":"Static & Media Files","color":"#7f8c8d"}},
{"model":"learn.chapter","pk":12,"fields":{"order":12,"slug":"drf","icon":"🚀","title":"Django REST Framework","color":"#2980b9"}},

{"model":"learn.section","pk":1,"fields":{"chapter":1,"order":1,"section_type":"theory","heading":"Introduction to Django","content":"Django is a high-level Python web framework that encourages rapid development and clean, pragmatic design. Built in 2003 and released in 2005, it follows the MVT (Model-View-Template) pattern.\n\nDjango's motto: 'The web framework for perfectionists with deadlines.'\n\nKey Features:\n- Built-in admin interface\n- ORM — interact with DB using Python\n- URL routing and template engine\n- Built-in authentication system\n- Security: CSRF, XSS, SQL injection protection\n- Used by Instagram, Pinterest, NASA","code":""}},
{"model":"learn.section","pk":2,"fields":{"chapter":1,"order":2,"section_type":"theory","heading":"MVT Architecture","content":"Django uses MVT — Model, View, Template:\n\nModel — Defines your data structure. Maps Python classes to database tables.\n\nView — Business logic. Receives HTTP requests, talks to the model, returns responses.\n\nTemplate — Presentation layer. HTML with Django Template Language for dynamic content.\n\nURL Dispatcher — Routes incoming URLs to the correct view.\n\nFlow: User Request → URL Dispatcher → View → Model → Template → Response","code":""}},

{"model":"learn.section","pk":3,"fields":{"chapter":2,"order":1,"section_type":"theory","heading":"Prerequisites","content":"Before installing Django, you need:\n\nPython 3.8+ — download from python.org\npip — comes with Python 3.4+\nVirtual Environment — strongly recommended\n\nWhy virtual environments? Each project may need different package versions. A venv keeps dependencies isolated so projects don't conflict.","code":""}},
{"model":"learn.section","pk":4,"fields":{"chapter":2,"order":2,"section_type":"commands","heading":"Installation Commands","content":"","code":""}},
{"model":"learn.section","pk":5,"fields":{"chapter":2,"order":3,"section_type":"code","heading":"Project Structure","content":"","code":"mysite/\n├── manage.py            # CLI tool for project management\n├── mysite/              # Project config package\n│   ├── __init__.py\n│   ├── settings.py      # All project settings\n│   ├── urls.py          # Root URL configuration\n│   ├── asgi.py          # ASGI entry point\n│   └── wsgi.py          # WSGI entry point\n└── blog/                # An app you created\n    ├── admin.py         # Register models with admin\n    ├── apps.py          # App configuration\n    ├── models.py        # Database models\n    ├── views.py         # View functions/classes\n    ├── urls.py          # App-level URL routes\n    ├── tests.py         # Unit tests\n    └── migrations/      # Auto-generated DB migrations"}},

{"model":"learn.section","pk":6,"fields":{"chapter":3,"order":1,"section_type":"theory","heading":"Understanding settings.py","content":"The settings.py file is the control center of your Django project.\n\nKey Settings:\n- DEBUG — True in development, always False in production\n- ALLOWED_HOSTS — Valid hostnames for your site\n- INSTALLED_APPS — All apps Django should load\n- DATABASES — Database connection config\n- STATIC_URL — URL prefix for static files\n- MEDIA_URL / MEDIA_ROOT — For user-uploaded files\n- SECRET_KEY — Used for cryptographic signing — keep it secret!","code":""}},
{"model":"learn.section","pk":7,"fields":{"chapter":3,"order":2,"section_type":"code","heading":"Important settings.py Sections","content":"","code":"SECRET_KEY = 'your-secret-key-here'\nDEBUG = True\nALLOWED_HOSTS = ['localhost', '127.0.0.1']\n\nINSTALLED_APPS = [\n    'django.contrib.admin',\n    'django.contrib.auth',\n    'django.contrib.contenttypes',\n    'django.contrib.sessions',\n    'django.contrib.messages',\n    'django.contrib.staticfiles',\n    'blog',           # Your custom app\n]\n\nDATABASES = {\n    'default': {\n        'ENGINE': 'django.db.backends.sqlite3',\n        'NAME': BASE_DIR / 'db.sqlite3',\n    }\n}\n\nSTATIC_URL = '/static/'\nSTATICFILES_DIRS = [BASE_DIR / 'static']\n\nMEDIA_URL = '/media/'\nMEDIA_ROOT = BASE_DIR / 'media'"}},

{"model":"learn.section","pk":8,"fields":{"chapter":4,"order":1,"section_type":"theory","heading":"Django ORM & Models","content":"A Model is a Python class that maps to a database table. Django's ORM lets you work with your database using Python instead of raw SQL.\n\nCommon Field Types:\n- CharField — short text (max_length required)\n- TextField — long text\n- IntegerField — whole numbers\n- BooleanField — True/False\n- DateTimeField — date and time\n- EmailField — validated email\n- ImageField / FileField — file uploads\n- ForeignKey — many-to-one relationship\n- ManyToManyField — many-to-many\n- OneToOneField — one-to-one","code":""}},
{"model":"learn.section","pk":9,"fields":{"chapter":4,"order":2,"section_type":"code","heading":"Defining Models","content":"","code":"# blog/models.py\nfrom django.db import models\nfrom django.contrib.auth.models import User\n\nclass Category(models.Model):\n    name = models.CharField(max_length=100)\n    slug = models.SlugField(unique=True)\n\n    def __str__(self):\n        return self.name\n\n    class Meta:\n        ordering = ['name']\n\n\nclass Post(models.Model):\n    STATUS_CHOICES = [\n        ('draft', 'Draft'),\n        ('published', 'Published'),\n    ]\n    title = models.CharField(max_length=200)\n    slug = models.SlugField(unique=True)\n    author = models.ForeignKey(\n        User, on_delete=models.CASCADE, related_name='posts'\n    )\n    category = models.ForeignKey(\n        Category, on_delete=models.SET_NULL, null=True, blank=True\n    )\n    body = models.TextField()\n    status = models.CharField(max_length=10, choices=STATUS_CHOICES, default='draft')\n    created_at = models.DateTimeField(auto_now_add=True)\n    updated_at = models.DateTimeField(auto_now=True)\n\n    def __str__(self):\n        return self.title\n\n    class Meta:\n        ordering = ['-created_at']"}},
{"model":"learn.section","pk":10,"fields":{"chapter":4,"order":3,"section_type":"commands","heading":"Migration Commands","content":"","code":""}},
{"model":"learn.section","pk":11,"fields":{"chapter":4,"order":4,"section_type":"code","heading":"Django ORM Queries","content":"","code":"# python manage.py shell\nfrom blog.models import Post\n\n# CREATE\npost = Post.objects.create(title='Hello', slug='hello', body='...')\n\n# READ all\nposts = Post.objects.all()\n\n# FILTER\npublished = Post.objects.filter(status='published')\n\n# GET single (raises exception if not found)\npost = Post.objects.get(id=1)\n\n# ORDER BY\nlatest = Post.objects.order_by('-created_at')\n\n# LIMIT\ntop5 = Post.objects.all()[:5]\n\n# UPDATE\nPost.objects.filter(id=1).update(status='published')\n\n# DELETE\nPost.objects.filter(status='draft').delete()\n\n# COUNT\ntotal = Post.objects.count()\n\n# SEARCH\nresults = Post.objects.filter(title__icontains='django')\n\n# EXCLUDE\nnot_draft = Post.objects.exclude(status='draft')"}},

{"model":"learn.section","pk":12,"fields":{"chapter":5,"order":1,"section_type":"theory","heading":"Function-Based vs Class-Based Views","content":"Views receive HTTP requests and return HTTP responses.\n\nFunction-Based Views (FBV) — Simple Python functions. Explicit, easy to read.\n\nClass-Based Views (CBV) — Python classes. More reusable, less code for CRUD.\n\nBuilt-in Generic CBVs:\n- ListView — display a list of objects\n- DetailView — display a single object\n- CreateView — form to create an object\n- UpdateView — form to update an object\n- DeleteView — confirm and delete\n- TemplateView — render a template\n- RedirectView — redirect to a URL","code":""}},
{"model":"learn.section","pk":13,"fields":{"chapter":5,"order":2,"section_type":"code","heading":"Function-Based Views","content":"","code":"# blog/views.py\nfrom django.shortcuts import render, get_object_or_404, redirect\nfrom django.http import HttpResponse, JsonResponse\nfrom .models import Post\n\ndef home(request):\n    return HttpResponse('<h1>Hello Django!</h1>')\n\ndef post_list(request):\n    posts = Post.objects.filter(status='published')\n    return render(request, 'blog/post_list.html', {'posts': posts})\n\ndef post_detail(request, slug):\n    post = get_object_or_404(Post, slug=slug, status='published')\n    return render(request, 'blog/post_detail.html', {'post': post})\n\ndef create_post(request):\n    if request.method == 'POST':\n        title = request.POST.get('title')\n        body = request.POST.get('body')\n        Post.objects.create(title=title, body=body)\n        return redirect('post_list')\n    return render(request, 'blog/create_post.html')\n\ndef api_posts(request):\n    posts = list(Post.objects.values('id', 'title', 'status'))\n    return JsonResponse({'posts': posts})"}},
{"model":"learn.section","pk":14,"fields":{"chapter":5,"order":3,"section_type":"code","heading":"Class-Based Views","content":"","code":"from django.views.generic import (\n    ListView, DetailView, CreateView, UpdateView, DeleteView\n)\nfrom django.urls import reverse_lazy\nfrom .models import Post\n\nclass PostListView(ListView):\n    model = Post\n    template_name = 'blog/post_list.html'\n    context_object_name = 'posts'\n    paginate_by = 10\n\n    def get_queryset(self):\n        return Post.objects.filter(status='published')\n\nclass PostDetailView(DetailView):\n    model = Post\n    template_name = 'blog/post_detail.html'\n    slug_field = 'slug'\n\nclass PostCreateView(CreateView):\n    model = Post\n    fields = ['title', 'body', 'status']\n    template_name = 'blog/post_form.html'\n    success_url = reverse_lazy('post_list')\n\nclass PostUpdateView(UpdateView):\n    model = Post\n    fields = ['title', 'body', 'status']\n    template_name = 'blog/post_form.html'\n    success_url = reverse_lazy('post_list')\n\nclass PostDeleteView(DeleteView):\n    model = Post\n    template_name = 'blog/post_confirm_delete.html'\n    success_url = reverse_lazy('post_list')"}},

{"model":"learn.section","pk":15,"fields":{"chapter":6,"order":1,"section_type":"theory","heading":"URL Configuration","content":"Django's URL dispatcher maps URL patterns to view functions.\n\nURL Pattern Converters:\n- <int:pk> — captures an integer\n- <str:name> — captures a string\n- <slug:slug> — captures a slug\n- <uuid:id> — captures a UUID\n- <path:subpath> — captures full path with slashes\n\nAlways name your URLs so you can reference them in templates and views without hardcoding paths.","code":""}},
{"model":"learn.section","pk":16,"fields":{"chapter":6,"order":2,"section_type":"code","heading":"URL Configuration Example","content":"","code":"# mysite/urls.py (project-level)\nfrom django.contrib import admin\nfrom django.urls import path, include\n\nurlpatterns = [\n    path('admin/', admin.site.urls),\n    path('blog/', include('blog.urls')),\n    path('accounts/', include('django.contrib.auth.urls')),\n]\n\n\n# blog/urls.py (app-level)\nfrom django.urls import path\nfrom . import views\n\napp_name = 'blog'\n\nurlpatterns = [\n    path('', views.PostListView.as_view(), name='post_list'),\n    path('<slug:slug>/', views.PostDetailView.as_view(), name='post_detail'),\n    path('new/', views.PostCreateView.as_view(), name='create_post'),\n    path('<slug:slug>/edit/', views.PostUpdateView.as_view(), name='update_post'),\n    path('<slug:slug>/delete/', views.PostDeleteView.as_view(), name='delete_post'),\n]\n\n# In templates:\n# {% url 'blog:post_list' %}\n# {% url 'blog:post_detail' slug=post.slug %}"}},

{"model":"learn.section","pk":17,"fields":{"chapter":7,"order":1,"section_type":"theory","heading":"Django Template Language (DTL)","content":"Templates are HTML files with special DTL tags for dynamic content.\n\nDTL Syntax:\n- {{ variable }} — output a value\n- {% tag %} — logic tags\n- {# comment #} — template comments\n- {{ value|filter }} — apply a filter\n\nCommon Tags:\n- {% if %} {% elif %} {% else %} {% endif %}\n- {% for item in list %} {% endfor %}\n- {% block name %} {% endblock %}\n- {% extends 'base.html' %}\n- {% include 'partial.html' %}\n- {% url 'name' %}\n- {% static 'path' %}\n- {% csrf_token %}","code":""}},
{"model":"learn.section","pk":18,"fields":{"chapter":7,"order":2,"section_type":"code","heading":"Base Template & Inheritance","content":"","code":"{% load static %}\n<!DOCTYPE html>\n<html lang=\"en\">\n<head>\n  <title>{% block title %}My Site{% endblock %}</title>\n  <link rel=\"stylesheet\" href=\"{% static 'css/style.css' %}\">\n</head>\n<body>\n  <nav>\n    <a href=\"{% url 'blog:post_list' %}\">Home</a>\n    {% if user.is_authenticated %}\n      Hello, {{ user.username }}!\n      <a href=\"{% url 'logout' %}\">Logout</a>\n    {% else %}\n      <a href=\"{% url 'login' %}\">Login</a>\n    {% endif %}\n  </nav>\n\n  {% block content %}{% endblock %}\n\n</body>\n</html>\n\n\n{# child template #}\n{% extends 'base.html' %}\n{% block title %}Blog Posts{% endblock %}\n{% block content %}\n<h1>All Posts</h1>\n{% for post in posts %}\n  <h2><a href=\"{% url 'blog:post_detail' slug=post.slug %}\">{{ post.title }}</a></h2>\n  <p>{{ post.body|truncatewords:30 }}</p>\n{% empty %}\n  <p>No posts yet.</p>\n{% endfor %}\n{% endblock %}"}},
{"model":"learn.section","pk":19,"fields":{"chapter":7,"order":3,"section_type":"code","heading":"Common Template Filters","content":"","code":"{{ post.title|upper }}              {# UPPERCASE #}\n{{ post.title|lower }}              {# lowercase #}\n{{ post.title|truncatewords:10 }}   {# First 10 words #}\n{{ post.body|linebreaks }}          {# \\n to <p> tags #}\n{{ post.body|safe }}                {# render raw HTML #}\n{{ post.body|striptags }}           {# strip HTML tags #}\n{{ post.created_at|date:\"Y-m-d\" }} {# 2024-01-15 #}\n{{ post.created_at|timesince }}     {# 3 days ago #}\n{{ items|length }}                  {# count of items #}\n{{ items|first }}                   {# first item #}\n{{ value|default:\"N/A\" }}          {# fallback value #}\n{{ price|floatformat:2 }}           {# 9.50 #}"}},

{"model":"learn.section","pk":20,"fields":{"chapter":8,"order":1,"section_type":"theory","heading":"Django Forms","content":"Django forms handle HTML rendering, validation, and error display automatically.\n\nTwo types:\nforms.Form — Standalone, not tied to a model. For contact, search, login forms.\nforms.ModelForm — Auto-generates fields from a model. Perfect for create/update.\n\nForm Workflow:\n1. Define the form class\n2. Instantiate in view (empty for GET, with data for POST)\n3. Call form.is_valid() to validate\n4. Access form.cleaned_data for safe values\n5. Render with {{ form }} in template","code":""}},
{"model":"learn.section","pk":21,"fields":{"chapter":8,"order":2,"section_type":"code","heading":"Form & ModelForm","content":"","code":"# blog/forms.py\nfrom django import forms\nfrom .models import Post\n\nclass ContactForm(forms.Form):\n    name = forms.CharField(max_length=100)\n    email = forms.EmailField()\n    message = forms.CharField(widget=forms.Textarea, min_length=10)\n\n    def clean_email(self):\n        email = self.cleaned_data['email']\n        if 'spam' in email:\n            raise forms.ValidationError('Invalid email.')\n        return email\n\n\nclass PostForm(forms.ModelForm):\n    class Meta:\n        model = Post\n        fields = ['title', 'body', 'category', 'status']\n        widgets = {\n            'title': forms.TextInput(attrs={'class': 'form-control'}),\n            'body': forms.Textarea(attrs={'rows': 10}),\n        }\n\n\n# views.py\ndef contact(request):\n    if request.method == 'POST':\n        form = ContactForm(request.POST)\n        if form.is_valid():\n            name = form.cleaned_data['name']\n            # ... handle data\n            return redirect('thank_you')\n    else:\n        form = ContactForm()\n    return render(request, 'contact.html', {'form': form})"}},
{"model":"learn.section","pk":22,"fields":{"chapter":8,"order":3,"section_type":"code","heading":"Form in Template","content":"","code":"<form method=\"post\">\n  {% csrf_token %}\n\n  {# Render all fields at once #}\n  {{ form.as_p }}\n\n  {# Or render field by field #}\n  <div class=\"field\">\n    {{ form.name.label_tag }}\n    {{ form.name }}\n    {% if form.name.errors %}\n      {% for error in form.name.errors %}\n        <p class=\"error\">{{ error }}</p>\n      {% endfor %}\n    {% endif %}\n  </div>\n\n  <button type=\"submit\">Submit</button>\n</form>"}},

{"model":"learn.section","pk":23,"fields":{"chapter":9,"order":1,"section_type":"theory","heading":"The Admin Interface","content":"One of Django's most powerful features is the automatic admin interface. Register your models and get a full CRUD panel with zero extra code.\n\nFeatures:\n- List, create, edit, delete any registered model\n- Search, filter, and sort records\n- Inline editing of related models\n- Bulk actions\n- Permission-based access control\n\nAccess at: http://localhost:8000/admin/\n\nCreate superuser: python manage.py createsuperuser","code":""}},
{"model":"learn.section","pk":24,"fields":{"chapter":9,"order":2,"section_type":"commands","heading":"Admin Setup Commands","content":"","code":""}},
{"model":"learn.section","pk":25,"fields":{"chapter":9,"order":3,"section_type":"code","heading":"Customising the Admin","content":"","code":"# blog/admin.py\nfrom django.contrib import admin\nfrom .models import Post, Category\n\nadmin.site.register(Category)\n\n@admin.register(Post)\nclass PostAdmin(admin.ModelAdmin):\n    list_display = ['title', 'author', 'status', 'created_at']\n    list_filter = ['status', 'created_at', 'author']\n    search_fields = ['title', 'body']\n    prepopulated_fields = {'slug': ('title',)}\n    date_hierarchy = 'created_at'\n    ordering = ['-created_at']\n    readonly_fields = ['created_at', 'updated_at']\n    fieldsets = (\n        ('Content', {\n            'fields': ('title', 'slug', 'author', 'body')\n        }),\n        ('Meta', {\n            'fields': ('category', 'status'),\n            'classes': ('collapse',)\n        }),\n    )\n    actions = ['publish_posts']\n\n    def publish_posts(self, request, queryset):\n        queryset.update(status='published')\n        self.message_user(request, f'{queryset.count()} posts published.')\n    publish_posts.short_description = 'Mark selected as published'"}},

{"model":"learn.section","pk":26,"fields":{"chapter":10,"order":1,"section_type":"theory","heading":"Built-in Authentication","content":"Django includes a complete authentication system:\n- User login and logout\n- Password hashing (PBKDF2 by default)\n- Password reset via email\n- User groups and permissions\n\nUser model fields: username, email, password, first_name, last_name, is_active, is_staff, is_superuser, date_joined\n\nProtecting Views:\n- @login_required — FBV decorator\n- LoginRequiredMixin — CBV mixin\n- request.user.is_authenticated — check in view","code":""}},
{"model":"learn.section","pk":27,"fields":{"chapter":10,"order":2,"section_type":"code","heading":"Auth Views & Decorators","content":"","code":"# urls.py\nfrom django.contrib.auth import views as auth_views\n\nurlpatterns = [\n    path('accounts/', include('django.contrib.auth.urls')),\n    path('register/', views.register, name='register'),\n]\n\n# settings.py\nLOGIN_URL = '/accounts/login/'\nLOGIN_REDIRECT_URL = '/'\nLOGOUT_REDIRECT_URL = '/'\n\n\n# views.py\nfrom django.contrib.auth.decorators import login_required\nfrom django.contrib.auth.mixins import LoginRequiredMixin\nfrom django.contrib.auth import login\nfrom django.contrib.auth.models import User\n\n@login_required\ndef dashboard(request):\n    return render(request, 'dashboard.html')\n\nclass DashboardView(LoginRequiredMixin, ListView):\n    model = Post\n    login_url = '/login/'\n\ndef register(request):\n    if request.method == 'POST':\n        username = request.POST['username']\n        password = request.POST['password']\n        user = User.objects.create_user(username=username, password=password)\n        login(request, user)\n        return redirect('/')\n    return render(request, 'register.html')\n\n# In templates\n{% if user.is_authenticated %}\n    Hello, {{ user.username }}!\n{% endif %}"}},

{"model":"learn.section","pk":28,"fields":{"chapter":11,"order":1,"section_type":"theory","heading":"Static vs Media Files","content":"Static Files — CSS, JavaScript, images you include in your project.\n\nMedia Files — Files uploaded by users: profile photos, post images.\n\nIn Development: Django serves both when DEBUG=True.\n\nIn Production: Never use Django to serve static/media files. Use Nginx or a CDN (AWS S3). Run collectstatic to gather all files into one folder.","code":""}},
{"model":"learn.section","pk":29,"fields":{"chapter":11,"order":2,"section_type":"commands","heading":"Static File Commands","content":"","code":""}},
{"model":"learn.section","pk":30,"fields":{"chapter":11,"order":3,"section_type":"code","heading":"Configuration","content":"","code":"# settings.py\nSTATIC_URL = '/static/'\nSTATICFILES_DIRS = [BASE_DIR / 'static']\nSTATIC_ROOT = BASE_DIR / 'staticfiles'\n\nMEDIA_URL = '/media/'\nMEDIA_ROOT = BASE_DIR / 'media'\n\n\n# urls.py — serve media in development\nfrom django.conf import settings\nfrom django.conf.urls.static import static\n\nurlpatterns = [...] + static(settings.MEDIA_URL, document_root=settings.MEDIA_ROOT)\n\n\n# templates — using static files\n{% load static %}\n<link rel=\"stylesheet\" href=\"{% static 'css/style.css' %}\">\n<img src=\"{% static 'images/logo.png' %}\" alt=\"Logo\">\n\n# Display user-uploaded image\n{% if post.image %}\n    <img src=\"{{ post.image.url }}\" alt=\"{{ post.title }}\">\n{% endif %}"}},

{"model":"learn.section","pk":31,"fields":{"chapter":12,"order":1,"section_type":"theory","heading":"Building APIs with DRF","content":"Django REST Framework (DRF) is the standard library for Web APIs in Django.\n\nIt adds:\n- Serializers — Convert model instances to/from JSON\n- API Views — Function and class based API views\n- ViewSets — Group related API views together\n- Routers — Auto-generate API URLs from ViewSets\n- Authentication — Token, Session, JWT\n- Browsable API — Auto-generated HTML interface for testing","code":""}},
{"model":"learn.section","pk":32,"fields":{"chapter":12,"order":2,"section_type":"commands","heading":"Install DRF","content":"","code":""}},
{"model":"learn.section","pk":33,"fields":{"chapter":12,"order":3,"section_type":"code","heading":"Serializers, ViewSets & Router","content":"","code":"# blog/serializers.py\nfrom rest_framework import serializers\nfrom .models import Post\n\nclass PostSerializer(serializers.ModelSerializer):\n    author_name = serializers.CharField(source='author.username', read_only=True)\n\n    class Meta:\n        model = Post\n        fields = ['id', 'title', 'slug', 'body', 'status', 'author_name', 'created_at']\n        read_only_fields = ['created_at']\n\n\n# blog/views.py\nfrom rest_framework import viewsets, permissions\nfrom .serializers import PostSerializer\n\nclass PostViewSet(viewsets.ModelViewSet):\n    queryset = Post.objects.filter(status='published')\n    serializer_class = PostSerializer\n    permission_classes = [permissions.IsAuthenticatedOrReadOnly]\n\n    def perform_create(self, serializer):\n        serializer.save(author=self.request.user)\n\n\n# blog/urls.py\nfrom rest_framework.routers import DefaultRouter\nrouter = DefaultRouter()\nrouter.register('posts', PostViewSet, basename='post')\n\nurlpatterns = [\n    path('api/', include(router.urls)),\n]\n# Generates:\n# GET/POST   /api/posts/\n# GET/PUT/PATCH/DELETE /api/posts/{id}/"}},

{"model":"learn.command","pk":1,"fields":{"section":4,"order":1,"cmd":"python --version","description":"Check Python version (need 3.8+)"}},
{"model":"learn.command","pk":2,"fields":{"section":4,"order":2,"cmd":"pip --version","description":"Check pip version"}},
{"model":"learn.command","pk":3,"fields":{"section":4,"order":3,"cmd":"python -m venv venv","description":"Create a virtual environment"}},
{"model":"learn.command","pk":4,"fields":{"section":4,"order":4,"cmd":"source venv/bin/activate","description":"Activate venv (Linux/Mac)"}},
{"model":"learn.command","pk":5,"fields":{"section":4,"order":5,"cmd":"venv\\Scripts\\activate","description":"Activate venv (Windows)"}},
{"model":"learn.command","pk":6,"fields":{"section":4,"order":6,"cmd":"pip install django","description":"Install Django inside venv"}},
{"model":"learn.command","pk":7,"fields":{"section":4,"order":7,"cmd":"django-admin --version","description":"Verify Django installation"}},
{"model":"learn.command","pk":8,"fields":{"section":4,"order":8,"cmd":"django-admin startproject mysite","description":"Create a new Django project"}},
{"model":"learn.command","pk":9,"fields":{"section":4,"order":9,"cmd":"python manage.py startapp blog","description":"Create a new app inside the project"}},
{"model":"learn.command","pk":10,"fields":{"section":4,"order":10,"cmd":"python manage.py runserver","description":"Start the development server"}},
{"model":"learn.command","pk":11,"fields":{"section":4,"order":11,"cmd":"pip freeze > requirements.txt","description":"Save all dependencies to file"}},
{"model":"learn.command","pk":12,"fields":{"section":4,"order":12,"cmd":"pip install -r requirements.txt","description":"Install from requirements file"}},

{"model":"learn.command","pk":13,"fields":{"section":10,"order":1,"cmd":"python manage.py makemigrations","description":"Generate migration files from model changes"}},
{"model":"learn.command","pk":14,"fields":{"section":10,"order":2,"cmd":"python manage.py migrate","description":"Apply all pending migrations to DB"}},
{"model":"learn.command","pk":15,"fields":{"section":10,"order":3,"cmd":"python manage.py showmigrations","description":"Show all migrations and their status"}},
{"model":"learn.command","pk":16,"fields":{"section":10,"order":4,"cmd":"python manage.py sqlmigrate blog 0001","description":"Show SQL for a specific migration"}},
{"model":"learn.command","pk":17,"fields":{"section":10,"order":5,"cmd":"python manage.py migrate blog zero","description":"Unapply all migrations for an app"}},

{"model":"learn.command","pk":18,"fields":{"section":24,"order":1,"cmd":"python manage.py createsuperuser","description":"Create an admin user account"}},
{"model":"learn.command","pk":19,"fields":{"section":24,"order":2,"cmd":"python manage.py changepassword username","description":"Change a user's password"}},

{"model":"learn.command","pk":20,"fields":{"section":29,"order":1,"cmd":"python manage.py collectstatic","description":"Collect all static files into STATIC_ROOT"}},
{"model":"learn.command","pk":21,"fields":{"section":29,"order":2,"cmd":"python manage.py findstatic style.css","description":"Find where a static file comes from"}},

{"model":"learn.command","pk":22,"fields":{"section":32,"order":1,"cmd":"pip install djangorestframework","description":"Install Django REST Framework"}},
{"model":"learn.command","pk":23,"fields":{"section":32,"order":2,"cmd":"pip install djangorestframework-simplejwt","description":"Install JWT authentication for DRF"}}
]
